product_id,Other,Aldehyde,Amide,Ketone,Ester,Alcohol,Carboxylic Acid,sentiment_score
P502978,1,0,1,1,0,1,0,-0.337166666666667
P500464,1,1,1,1,0,0,1,-0.31245
P483089,1,0,1,0,0,0,0,0.0445
P483141,1,0,1,0,1,1,1,0.0543833333333333
P482747,1,0,0,0,0,1,0,0.0729
P416588,1,0,1,0,0,0,0,0.0810999999999999
P443810,1,0,1,0,0,1,0,0.0966647058823529
P483691,1,0,0,1,1,0,1,0.1137
P479974,1,0,1,1,0,1,0,0.138014285714286
P504203,1,1,1,0,1,1,0,0.168676923076923
P481138,1,0,1,0,0,0,1,0.178758333333333
P504780,1,0,1,0,0,1,0,0.181333333333333
P483057,1,0,0,0,0,1,0,0.182915
P444990,1,0,0,1,0,0,1,0.187973076923077
P464799,1,0,1,1,1,1,1,0.189110714285714
P467628,1,0,1,0,0,0,1,0.200386956521739
P468196,1,0,1,0,1,0,1,0.202075
P429504,1,0,1,0,0,1,1,0.218025
P460622,1,1,1,1,1,0,1,0.2239
P466878,1,0,0,0,0,1,1,0.240417647058824
P504786,1,0,1,0,0,0,1,0.247080952380952
P504411,0,0,1,0,0,0,1,0.25285
P469448,1,0,1,0,1,1,0,0.257241176470588
P460627,1,0,1,0,1,1,0,0.258380808080808
P475926,1,0,0,1,0,0,1,0.27068
P500482,1,1,1,0,1,0,1,0.2715
P410809,1,0,0,1,1,1,1,0.292216129032258
P462375,1,0,1,0,0,0,1,0.298566666666667
P467129,1,0,1,1,1,0,1,0.301366666666667
P481397,1,0,1,1,0,0,1,0.3017
P480280,1,0,0,0,1,0,1,0.302116129032258
P443376,1,0,1,1,0,1,0,0.303873913043478
P461522,1,0,0,0,0,0,1,0.306081720430108
P474369,1,0,1,1,0,1,1,0.3099125
P448545,1,0,1,0,0,0,1,0.32791
P270600,1,0,1,1,1,0,1,0.340354545454545
P440496,1,0,1,1,1,0,0,0.341629268292683
P421271,1,0,1,0,1,0,1,0.343793333333333
P405944,1,0,0,0,1,0,1,0.349349779735683
P482258,1,0,1,1,1,0,1,0.351133333333333
P454375,1,0,1,1,0,1,1,0.354592857142857
P447789,1,0,1,0,0,0,0,0.354983582089552
P501003,1,1,1,0,1,0,0,0.355025
P423145,1,0,1,1,1,0,0,0.369530434782609
P484080,1,0,1,0,1,0,1,0.370963329706202
P470259,1,0,1,0,1,1,1,0.370963329706202
P443383,1,0,1,1,1,1,1,0.371535211267606
P283106,1,0,1,1,0,1,1,0.377860191082803
P500106,1,0,0,1,1,1,1,0.378669230769231
P459835,1,0,1,1,0,0,0,0.380663414634146
P436343,1,0,0,0,0,1,1,0.384745454545455
P440502,1,0,0,0,1,1,0,0.389536
P470508,1,0,0,1,1,1,1,0.393711764705882
P417110,1,0,1,1,0,1,1,0.39458
P482318,1,0,0,1,1,0,0,0.40095625
P448558,1,0,1,1,0,0,1,0.403113636363636
P427393,1,0,1,1,0,1,1,0.404553378378378
P440490,1,0,1,0,1,0,1,0.40478625
P500060,1,0,1,0,1,0,1,0.4054
P475590,1,0,1,1,1,0,1,0.413366666666667
P504790,1,0,1,0,0,1,0,0.41851
P504815,1,0,1,0,0,1,1,0.4195
P483086,1,1,1,1,0,1,0,0.4215
P483078,1,1,1,1,0,1,0,0.428175
P427410,1,0,0,0,0,0,0,0.430804402515723
P454937,0,0,1,0,0,0,0,0.432742105263158
P447787,0,0,1,0,0,0,0,0.432742105263158
P455610,1,1,1,0,1,0,1,0.434239583333333
P457520,1,0,0,1,1,1,0,0.434996774193548
P482661,1,0,0,0,0,0,1,0.4357
P411881,1,0,1,0,0,0,1,0.436904580152672
P450947,1,0,1,1,1,0,1,0.44052619047619
P500151,1,0,1,0,0,0,0,0.45025
P443841,0,0,1,1,0,0,0,0.45092722007722
P457519,1,0,0,1,1,0,1,0.453532432432432
P501323,1,0,0,0,1,1,1,0.45409
P427416,1,0,1,1,0,0,0,0.455954139228598
P447790,1,0,1,0,0,0,1,0.456016326530612
P419222,1,0,1,0,1,1,0,0.462581511371974
P448542,1,0,1,1,0,0,0,0.46468125
P443375,1,0,1,1,1,0,1,0.46500303030303
P454391,0,0,1,0,0,0,0,0.465689473684211
P442860,1,0,1,0,1,0,1,0.466213333333333
P500120,1,0,1,0,1,0,0,0.46642
P469513,1,0,1,0,0,1,1,0.467918918918919
P205614,1,0,0,0,1,1,1,0.468365903307888
P460511,1,0,0,0,0,0,0,0.468927777777778
P500096,1,0,1,0,1,0,1,0.470685
P396623,0,0,1,0,0,0,0,0.472945032051282
P479840,1,0,1,1,0,1,1,0.47411
P467655,1,0,1,1,0,0,0,0.47470652173913
P297517,1,0,0,1,0,1,0,0.476333118405627
P421432,1,0,1,0,0,0,0,0.47643779661017
P429662,1,0,1,0,0,0,1,0.478431380753138
P503915,1,0,1,0,1,1,0,0.4789
P476496,1,0,1,0,1,0,0,0.479933333333333
P481347,1,0,1,0,1,0,1,0.4805125
P479973,1,0,1,0,0,1,0,0.48055
P444968,1,0,1,0,0,0,0,0.482432352941177
P482328,1,0,0,0,1,0,1,0.48418152173913
P504636,0,0,1,0,0,0,0,0.485466666666667
P469521,1,0,1,0,0,1,1,0.485948
P467652,0,0,1,0,0,0,0,0.4860821875
P469087,1,0,1,0,1,1,0,0.486085714285714
P467755,1,1,1,1,0,0,1,0.489492307692308
P408678,1,0,1,1,1,1,1,0.489579591836735
P469449,1,0,1,0,1,0,0,0.489716666666667
P446111,1,0,1,1,0,0,1,0.489885714285714
P481342,1,0,0,0,0,0,1,0.49175
P271682,1,0,0,1,0,0,0,0.495029227557411
P416562,1,0,1,1,1,0,0,0.495214395099541
P440498,1,0,1,0,0,0,0,0.496221608040201
P500428,1,0,0,1,0,1,1,0.497315384615385
P422005,1,0,1,0,1,1,1,0.49784880952381
P502771,1,0,1,1,1,1,1,0.499285714285714
P440072,1,0,0,0,0,1,1,0.499888043478261
P379709,1,1,1,0,1,1,0,0.499902941176471
P455622,1,0,1,1,0,1,1,0.503701098901099
P476570,1,0,1,0,1,1,0,0.507509090909091
P500743,1,0,1,0,1,1,0,0.508058823529412
P419221,1,0,1,0,1,0,1,0.508470532544379
P432045,1,0,0,0,1,0,1,0.510450847457627
P471039,1,0,1,0,0,1,1,0.511647619047619
P458962,1,0,1,1,1,1,1,0.511726666666667
P479732,0,0,1,0,0,1,1,0.512312084592145
P463110,1,0,0,0,0,0,0,0.51386
P463613,1,0,1,1,0,1,1,0.514376041666667
P423166,1,0,0,0,1,1,0,0.5156
P502997,1,0,1,0,0,1,0,0.516582113821138
P403748,1,0,1,0,1,0,1,0.516841176470588
P427412,0,0,1,0,0,1,1,0.517518494055482
P503944,1,0,1,0,0,1,1,0.520425
P450614,1,0,1,1,1,1,0,0.521202152641879
P504773,1,0,1,0,1,0,0,0.521730434782609
P415202,1,0,1,0,1,1,0,0.521889415041783
P456421,1,0,1,0,0,1,0,0.522133962264151
P469200,1,0,0,1,0,1,0,0.522441666666667
P504794,1,0,1,0,0,1,1,0.523155319148936
P232903,1,0,1,0,0,0,1,0.523737805264827
P464250,1,0,1,0,1,1,0,0.524582608695652
P474036,1,0,0,1,0,1,1,0.524644444444445
P421275,0,0,0,0,0,1,1,0.52580236013986
P478274,0,0,1,0,0,1,0,0.52632962962963
P465752,1,0,1,0,1,1,1,0.526643827160494
P427641,1,1,1,0,1,1,0,0.52681914893617
P440482,1,0,0,0,0,1,0,0.527180333333333
P482327,1,0,0,0,0,0,1,0.527821296296296
P504784,1,0,1,0,0,0,0,0.528135294117647
P483496,1,0,1,0,0,0,0,0.529127272727273
P440302,1,0,1,1,0,0,0,0.529412903225807
P397626,1,0,0,0,0,1,0,0.529701587301587
P438635,1,0,1,0,0,0,0,0.529790243902439
P433620,1,0,0,0,1,0,0,0.530425
P469544,1,0,1,0,1,0,0,0.530425423728814
P482322,1,0,1,0,0,0,0,0.532795833333333
P427417,0,0,1,0,0,0,0,0.533094564279551
P443829,1,0,1,1,0,0,0,0.534619543147208
P483092,1,0,0,0,0,1,1,0.53479
P456991,1,0,0,1,0,1,0,0.534901136363636
P436365,1,0,0,1,0,0,1,0.535098347107438
P440933,1,0,1,1,1,0,0,0.535614960629921
P500502,1,0,0,0,0,0,0,0.536257142857143
P455369,1,0,1,1,1,0,0,0.536534010152284
P501591,1,0,1,1,1,1,1,0.5366
P379711,1,1,1,0,0,1,0,0.536867634854772
P428816,1,0,1,0,0,1,0,0.537709
P406104,1,0,1,1,1,0,0,0.538641614906832
P482697,0,0,1,0,1,0,0,0.538664705882353
P502691,1,0,1,1,0,0,0,0.539216666666667
P476447,0,0,1,0,1,0,0,0.539305813953488
P474376,1,0,1,1,1,0,1,0.541097435897436
P440937,1,1,0,0,1,0,0,0.541208108108108
P502741,1,1,0,0,1,0,1,0.542033783783784
P461162,1,1,0,0,0,0,1,0.543435384615385
P385432,1,0,0,0,1,1,1,0.543466450417053
P474964,1,1,1,0,0,1,1,0.543492857142857
P381030,1,1,0,0,0,0,1,0.544701223529412
P429515,1,1,0,1,1,0,1,0.544870350404313
P232920,1,1,0,0,1,1,0,0.545178571428571
P472471,1,1,0,0,1,0,0,0.545671428571429
P410400,0,1,0,0,1,1,1,0.546500569426194
P460756,1,1,0,0,1,1,0,0.546526666666667
P427411,1,1,0,0,0,1,0,0.546708654848801
P452002,1,1,0,0,1,1,1,0.547025531914894
P429043,0,1,1,0,0,1,0,0.549129100529101
P503572,1,1,0,1,1,0,1,0.54986
P481376,1,1,0,1,0,1,1,0.550357142857143
P392945,1,0,1,0,0,0,1,0.550470742358079
P107306,1,1,0,0,1,1,1,0.5514604743083
P455364,1,0,0,0,1,0,1,0.551590166666667
P478030,1,1,0,0,1,0,0,0.551590166666667
P432239,0,1,0,0,0,1,1,0.551929319371728
P439926,1,0,1,1,1,1,0,0.552323854660348
P442755,0,1,0,0,0,0,1,0.552553658536585
P455366,1,1,0,1,0,0,0,0.55443912386707
P257537,1,1,0,1,0,0,1,0.554624309392265
P438648,1,1,0,1,1,1,0,0.555579487179487
P447504,1,1,1,1,1,0,1,0.556796
P440499,1,1,0,0,0,0,0,0.558169696969697
P394702,1,0,0,1,1,1,0,0.558686046511628
P427404,0,1,0,0,0,0,0,0.558870481927711
P471547,1,0,0,0,0,0,1,0.558957142857143
P502749,1,1,0,0,0,0,0,0.559184810126582
P454389,0,1,0,0,0,0,0,0.559948639455782
P392607,1,1,0,1,1,1,0,0.560859390862944
P474943,1,1,0,0,1,0,0,0.5609
P377561,1,1,0,0,1,0,0,0.562216192170818
P450917,1,1,0,0,1,1,0,0.562216192170818
P427529,1,1,0,1,0,1,0,0.562439074550129
P469502,1,0,0,0,0,0,1,0.562624333333333
P404795,1,1,0,1,1,1,0,0.5639
P448710,1,0,0,0,0,0,0,0.564016417910448
P442871,1,1,0,0,0,0,0,0.564531944444444
P440493,1,1,0,0,1,1,0,0.56501935483871
P442753,1,1,0,0,1,1,0,0.565187854251012
P469503,1,1,0,0,0,1,1,0.565234951456311
P443840,1,1,0,1,1,1,0,0.5654986875
P431840,1,0,0,0,0,0,0,0.565722516556291
P440492,1,1,0,0,1,1,0,0.56622
P388262,1,0,0,1,1,1,1,0.566314655172414
P440926,1,1,1,1,0,0,0,0.566394285714286
P443550,1,1,1,1,0,0,0,0.567041379310345
P428250,0,1,0,0,0,1,0,0.567433418367347
P423169,1,1,0,0,1,0,0,0.569191666666667
P232907,1,1,0,0,0,0,0,0.570625859247136
P472052,1,0,1,0,0,1,1,0.5716
P456210,1,1,0,1,1,0,0,0.571810714285714
P448852,1,1,1,0,0,1,0,0.572485128983308
P474326,1,1,0,0,1,1,0,0.572838427947598
P476515,1,1,1,0,1,1,1,0.573278571428571
P414737,1,1,0,0,0,1,0,0.573591891891892
P440486,1,1,1,0,1,0,0,0.575812328767123
P429953,0,0,0,0,1,1,0,0.576003984063745
P462379,1,1,1,0,1,0,1,0.576266666666667
P467112,1,0,0,0,0,0,0,0.577011764705882
P481699,1,0,1,0,1,0,0,0.577064
P433456,1,1,0,1,1,1,1,0.577129275362319
P380001,1,0,1,1,1,0,0,0.577778260869565
P403818,1,1,0,0,1,1,0,0.577897318611987
P455339,1,0,1,0,0,0,0,0.578136627906977
P444615,1,0,1,0,1,0,0,0.578523529411765
P417625,1,1,0,0,1,1,0,0.579355555555556
P448853,1,1,0,0,0,0,0,0.580777248677249
P417115,1,0,1,1,0,1,0,0.581034285714286
P430143,1,0,1,1,0,0,0,0.581241666666667
P440501,1,1,0,0,1,1,1,0.581672580645161
P384778,1,1,1,1,1,0,0,0.581688360655738
P472466,1,1,1,0,1,0,0,0.582080769230769
P415667,1,0,0,0,0,1,0,0.583026602564103
P474939,1,1,1,0,0,1,0,0.584377440347072
P463964,1,1,0,0,1,0,0,0.584825263157895
P504523,1,0,1,1,1,0,0,0.586212121212121
P469439,1,1,0,0,0,1,0,0.58623381294964
P427420,1,1,0,0,0,1,0,0.586290316573557
P433619,1,0,0,0,1,0,0,0.586438095238095
P422012,1,1,1,0,1,0,0,0.588872151898734
P461161,1,1,0,0,0,1,0,0.58904025974026
P427406,1,1,0,0,0,0,0,0.589050017259234
P446942,1,1,1,0,0,1,0,0.589263147208122
P440503,1,1,0,0,1,1,0,0.589419760479042
P383308,1,0,0,0,0,1,0,0.589919607843137
P433143,1,0,1,0,1,0,0,0.590889615384615
P427421,1,1,0,0,1,0,0,0.591068349002144
P435386,0,0,0,1,0,1,0,0.591627317073171
P476554,1,1,0,0,0,0,0,0.591847169811321
P463144,1,0,1,0,1,1,0,0.591993053016453
P503876,1,1,1,1,1,0,0,0.592725
P380030,1,1,0,1,0,0,0,0.592821428571429
P297531,1,1,1,1,1,1,0,0.593139520958084
P468671,1,0,0,0,0,1,0,0.593675675675676
P427419,1,1,1,0,0,0,0,0.593715868421053
P422022,1,0,0,0,0,1,1,0.594607667031763
P423165,1,1,0,0,1,1,0,0.594783333333333
P479722,1,1,0,1,0,0,1,0.595633502538071
P453225,1,0,1,0,1,1,0,0.595751866883117
P500098,1,1,0,0,1,0,1,0.596271774193549
P447778,1,1,0,1,0,0,0,0.596408670520231
P122881,1,1,0,0,0,0,1,0.596601089324619
P504919,1,0,0,1,1,1,0,0.596647368421053
P420143,1,1,0,0,0,0,0,0.59672
P444969,1,1,0,0,1,0,0,0.597783333333333
P427640,1,1,1,1,0,1,0,0.597945454545455
P398761,1,1,0,0,1,1,1,0.598207112970711
P502710,1,0,1,1,0,0,0,0.598252173913044
P470510,1,1,0,0,0,0,1,0.598890625
P122782,1,1,0,0,1,1,1,0.59896
P415777,1,0,1,0,1,0,0,0.599295146771037
P421277,1,1,1,0,0,1,1,0.599415185504746
P196542,1,1,0,0,1,1,0,0.600125625
P442759,1,1,0,0,0,1,0,0.601437280701754
P423690,1,0,0,0,1,0,0,0.601664285714286
P444225,1,1,0,1,1,0,0,0.601886538461539
P456988,1,1,0,1,0,0,0,0.602058928571429
P122651,1,1,1,0,0,1,0,0.602064
P461521,0,1,0,0,0,1,1,0.602571641791045
P440483,1,0,0,0,0,0,0,0.603153968253968
P412025,1,1,1,1,1,1,0,0.603207416879795
P453226,1,1,0,1,0,0,0,0.603697528089888
P442756,1,1,0,0,0,0,0,0.603724539877301
P417111,1,0,0,1,1,1,1,0.603805454545455
P429954,1,1,0,0,0,0,0,0.604441198501873
P462747,1,1,0,0,0,0,0,0.604441198501873
P481340,1,1,0,1,0,1,1,0.60503416856492
P122774,1,0,0,1,0,0,1,0.605302813455658
P448530,1,1,0,0,1,0,0,0.605408307210031
P382356,1,1,0,0,1,0,0,0.606575581395349
P424378,0,1,0,0,0,1,0,0.606946441947566
P476733,1,0,0,0,0,0,0,0.607064885496183
P449188,1,1,0,0,1,0,0,0.607404333333333
P457272,1,1,0,1,1,1,0,0.607621428571429
P427418,1,1,0,1,1,1,1,0.608045774647887
P423254,1,0,0,1,1,1,0,0.60842439862543
P503942,1,1,0,0,0,1,0,0.608553846153846
P471041,1,1,1,0,0,0,1,0.609532520325203
P422000,1,1,0,0,1,1,0,0.610060622381807
P467973,1,1,1,0,1,0,0,0.610522834645669
P470048,1,1,1,1,1,1,1,0.610711904761905
P474972,1,1,0,1,0,1,1,0.611297333333333
P422649,1,1,1,1,1,1,0,0.611344444444445
P442563,1,0,0,0,0,0,1,0.611357855822551
P455368,1,1,0,1,0,0,0,0.611590461997019
P442566,0,1,0,0,0,1,0,0.612534096858639
P448802,1,0,0,1,0,0,0,0.612556479859895
P454838,1,1,0,1,0,1,0,0.613332118887824
P444614,1,1,0,1,0,1,1,0.614098333333333
P440075,1,1,0,1,1,0,1,0.614119498069498
P377178,1,1,0,1,1,0,0,0.6145384
P484033,0,0,0,0,0,1,0,0.615175
P416560,1,1,0,0,0,1,0,0.61526338028169
P504134,1,1,0,0,0,1,0,0.6153
P427413,1,1,0,0,0,0,0,0.615314562354764
P454383,1,1,0,0,1,1,1,0.615801319509896
P454384,1,0,0,0,1,1,1,0.615801319509896
P482323,1,1,0,0,1,0,0,0.615881151832461
P442758,1,0,0,0,0,1,1,0.616057373271889
P417984,1,1,1,1,1,1,0,0.616316803278689
P426836,1,1,0,0,0,0,1,0.61679674556213
P4016,1,1,0,0,1,0,0,0.617220606531882
P392246,1,0,0,0,0,1,1,0.6179975
P440494,1,1,0,1,0,0,0,0.618330612244898
P431181,1,1,0,1,0,1,0,0.619439888164026
P417242,1,1,0,0,1,0,1,0.6195125
P500757,1,0,0,1,0,0,0,0.619593103448276
P408301,1,1,0,0,0,1,0,0.619751162790698
P442752,1,1,0,0,0,0,1,0.620039215686274
P384821,1,1,0,0,0,1,0,0.620558695652174
P431180,1,0,0,1,0,1,0,0.62074523141655
P441220,1,1,0,0,0,0,0,0.621081363636364
P500109,1,1,1,1,1,1,1,0.621673275862069
P400203,0,0,0,0,0,1,0,0.621840625
P483151,0,1,0,0,1,0,0,0.621877142857143
P311143,1,1,0,0,0,1,1,0.622247244094488
P432262,1,1,0,1,1,1,0,0.622828
P440489,1,0,0,0,1,0,0,0.623164516129032
P174502,1,1,0,1,0,0,1,0.623311455108359
P480278,1,0,0,0,1,0,0,0.62349347826087
P254720,1,1,0,1,1,0,1,0.623859713024283
P270544,1,1,0,0,0,1,0,0.623911138613861
P429250,1,1,1,0,1,0,0,0.62484474789916
P392143,1,1,0,0,1,0,0,0.62585
P461535,1,1,1,1,1,0,1,0.626
P448549,1,0,0,1,1,1,1,0.626455555555556
P428416,1,1,0,0,0,1,0,0.626522407628129
P421997,1,0,0,0,1,1,0,0.627001546391753
P421998,1,1,0,0,0,1,0,0.627186615515772
P445951,1,1,0,0,0,1,0,0.627186615515772
P114902,1,1,0,0,0,0,0,0.627676324395029
P461520,1,0,0,0,0,1,0,0.628296178343949
P456572,1,1,1,1,0,1,0,0.628679037800687
P394397,1,1,0,1,1,0,0,0.629086934023286
P122882,0,1,1,0,0,1,0,0.629121148255814
P397625,1,1,1,0,0,1,1,0.629274285714286
P428668,1,0,0,0,0,0,0,0.62959306122449
P480630,1,1,1,0,1,1,0,0.629973363431151
P429952,1,1,1,0,1,0,0,0.629973363431151
P503928,1,1,0,0,1,0,1,0.630374074074074
P422248,1,0,0,0,1,0,0,0.630397872340426
P444967,1,1,0,0,0,1,0,0.630463709677419
P297551,1,1,0,0,0,0,1,0.6304841
P379704,1,1,0,0,0,0,0,0.630509333333333
P399623,1,1,0,0,0,0,0,0.630585455435847
P437960,1,1,0,0,0,1,0,0.630664788732394
P414293,1,1,0,0,0,1,0,0.630697547169811
P463792,1,1,0,0,0,0,1,0.632161538461538
P446423,1,0,1,1,0,0,1,0.632226019690577
P427414,1,1,0,0,1,0,0,0.632613064594463
P441323,1,1,0,0,0,0,0,0.633649056603774
P417980,1,1,0,1,1,0,0,0.633792592592593
P407444,1,1,0,0,0,0,0,0.634057894736842
P420224,1,0,0,1,0,0,1,0.634123551401869
P3617,1,1,0,0,1,0,0,0.634412736236648
P448192,1,1,0,1,0,1,0,0.634967213114754
P375534,1,0,0,1,0,1,0,0.635100606673408
P444718,1,1,0,0,0,0,0,0.635183613916947
P251529,1,1,0,1,1,0,0,0.635943794326241
P377577,1,1,0,1,0,1,0,0.635962906724512
P454387,0,0,0,1,1,0,0,0.635999748110831
P454388,0,1,0,0,1,0,0,0.635999748110831
P470545,1,0,0,1,0,0,0,0.636266666666667
P468410,1,1,1,1,1,0,0,0.636883333333333
P501886,1,1,1,1,1,0,1,0.6369
P456407,0,1,0,0,1,1,0,0.637429166666667
P427536,1,0,0,1,0,0,0,0.637444543147208
P504615,1,1,0,1,0,1,0,0.637444543147208
P447791,1,1,1,1,0,1,1,0.639214497354497
P469525,1,1,0,0,1,0,0,0.639376363636364
P475192,1,0,0,1,0,1,1,0.640203846153846
P448537,1,1,0,1,0,1,0,0.640237931034483
P422011,1,1,0,1,1,0,0,0.640290659340659
P504283,1,1,0,0,1,1,0,0.640675
P474968,1,1,0,1,0,1,0,0.641018181818182
P472453,1,1,0,0,0,0,0,0.641522111553785
P500114,1,0,1,1,0,1,0,0.641814403292181
P455365,1,0,1,1,0,1,1,0.641901013513514
P454794,1,0,0,1,1,0,0,0.642227889688249
P418218,1,0,0,1,0,0,0,0.642227889688249
P504240,1,0,1,0,0,0,0,0.642319047619048
P467250,1,0,1,1,0,1,0,0.642319047619048
P470255,1,0,0,1,1,0,0,0.643135946111451
P454380,1,0,0,1,0,0,0,0.643301223990208
P417936,1,0,0,0,0,0,0,0.643444419807834
P454090,1,0,0,1,1,1,0,0.644054666666667
P428423,1,0,0,1,0,1,0,0.64434705882353
P476553,0,0,0,1,0,0,0,0.645000632911392
P411540,1,0,1,0,1,0,0,0.645118680699117
P232910,1,0,0,1,0,0,0,0.64522937399679
P428100,1,0,0,1,0,0,1,0.645324146981627
P437981,0,0,0,1,0,1,0,0.645831656184486
P427405,0,0,0,0,0,0,0,0.645870168067227
P479354,1,0,1,1,0,0,1,0.646203166666667
P423259,1,0,0,0,0,0,0,0.646766296296296
P453822,1,0,1,0,1,0,0,0.646858536585366
P500245,1,0,1,1,0,0,0,0.646870393700787
P433617,1,0,0,1,0,1,1,0.646955319148936
P469482,1,0,0,1,0,0,0,0.647068581687612
P397624,1,0,1,1,0,0,0,0.647446583850932
P500256,1,0,0,1,0,0,0,0.6476
P4039,1,0,0,0,1,0,0,0.647770114942529
P471546,1,0,1,1,0,0,1,0.64784180734856
P442564,1,0,0,1,0,0,0,0.647955197132617
P455927,1,0,1,1,1,0,1,0.648200395256917
P455926,1,0,1,0,1,0,0,0.648200395256917
P418221,1,0,0,1,0,0,0,0.648333333333333
P467248,1,0,1,1,0,0,1,0.648349176954733
P456569,1,1,0,1,0,0,0,0.649065217391304
P448711,1,0,0,1,0,1,0,0.6491
P448554,1,0,0,1,0,0,0,0.6507
P469515,1,0,0,1,0,1,0,0.651187878787879
P412117,1,0,0,0,1,0,0,0.651698245614035
P406712,1,0,1,1,0,0,0,0.651874522044479
P302103,1,1,0,1,1,1,0,0.652175828262339
P442734,1,0,0,1,0,0,0,0.652301639344262
P446909,1,0,0,0,0,0,0,0.652801971830986
P4015,1,1,0,1,1,0,0,0.653248426966292
P456997,1,0,0,1,0,0,0,0.653282978723404
P500121,1,0,0,1,0,0,0,0.653911377245509
P443846,0,0,0,0,0,1,0,0.653921724137931
P385253,1,1,0,1,1,0,0,0.653966183574879
P375849,1,0,0,1,0,0,0,0.653995899695019
P443842,1,0,0,1,0,0,0,0.653998858647937
P248407,1,0,0,1,0,0,1,0.654042957466543
P482320,1,0,1,0,0,0,1,0.654062268041237
P278317,1,0,0,1,1,0,0,0.654198600855033
P432053,1,0,0,1,0,0,0,0.654464556962025
P447199,1,0,0,1,1,0,0,0.654802325581395
P436353,1,0,0,0,0,0,0,0.655033827893175
P504327,1,1,0,1,1,1,0,0.655121052631579
P438637,1,0,1,1,0,0,0,0.655730693069307
P438643,1,0,0,1,1,0,0,0.656573563218391
P440485,1,0,0,0,0,0,0,0.656673611111111
P475189,1,0,0,1,0,0,0,0.656828358208955
P433887,1,0,0,1,0,0,1,0.656960830152672
P482321,1,0,0,1,1,1,0,0.656986373626374
P470057,1,0,0,1,0,0,0,0.656986373626374
P503692,1,0,0,1,0,1,0,0.65716796875
P428414,1,0,0,1,0,1,0,0.657178571428571
P446934,1,0,0,1,1,0,0,0.657235845588235
P173619,1,0,0,0,0,1,0,0.6572678
P479353,1,0,0,1,0,0,1,0.657322727272727
P426707,1,0,0,1,0,0,0,0.657697574626866
P446938,1,0,0,1,0,0,1,0.6580161
P473304,1,0,0,0,0,1,1,0.658025157232704
P400207,1,0,0,1,0,0,0,0.658828341968912
P232906,1,0,0,0,0,0,0,0.65908695035461
P441101,1,1,0,1,1,0,0,0.659107305502846
P430812,1,0,0,1,0,0,0,0.659111627906977
P409834,1,1,0,1,1,0,0,0.659373015873016
P381020,1,0,0,1,0,0,0,0.66013052631579
P502656,1,0,0,1,0,0,0,0.660288925081433
P433440,1,0,0,1,0,0,0,0.660569696969697
P455894,1,0,1,0,1,0,0,0.660824567474048
P382204,1,0,0,1,0,0,0,0.661024719101124
P500857,1,0,0,0,0,1,0,0.661091489361702
P468143,1,1,0,1,0,0,0,0.661321621621622
P450262,1,0,1,1,0,1,0,0.661543792325056
P483058,1,0,0,0,0,0,0,0.661614285714286
P503878,1,1,0,1,1,0,1,0.661739830508475
P411539,1,0,1,1,0,0,0,0.66195398683248
P483060,1,0,0,1,0,0,0,0.662593650793651
P436359,1,0,0,0,0,0,1,0.663461314553991
P377533,1,0,0,1,1,0,0,0.664074384949349
P481703,1,0,0,1,0,0,0,0.664720261437909
P476538,0,0,0,0,0,0,0,0.664950299401198
P455899,1,0,0,0,0,0,1,0.665066393442623
P393076,1,0,1,1,0,1,0,0.665501779359431
P415701,1,0,0,0,0,0,0,0.665804309874523
P481704,1,0,0,1,1,1,0,0.66602
P424988,1,0,0,1,1,0,0,0.666235456475584
P392249,1,0,0,1,0,0,0,0.666353886010363
P455930,1,0,0,1,0,1,1,0.666556428571429
P474971,1,0,1,0,0,0,0,0.666661990950226
P407448,1,0,0,1,0,0,0,0.667593679458239
P416725,1,0,1,1,1,0,1,0.667651724137931
P424984,1,0,0,1,1,1,1,0.668330769230769
P420652,1,0,0,1,0,0,0,0.668450675424464
P139000,1,0,0,1,0,0,0,0.668925974614687
P411388,1,0,0,1,1,0,1,0.669749253731343
P474060,1,0,0,0,1,1,1,0.669764885496183
P422002,1,0,0,1,0,0,0,0.669764885496183
P426501,1,1,0,1,1,0,0,0.670157184325109
P416341,1,1,0,0,0,1,1,0.670157184325109
P428639,1,1,1,1,1,1,0,0.670346153846154
P470240,1,0,0,1,1,0,0,0.670558139534884
P500988,1,0,0,1,0,0,1,0.670879865771812
P433627,1,0,0,1,0,0,0,0.671053144016227
P461177,1,0,0,0,0,1,1,0.671053144016227
P472311,1,0,0,1,1,0,0,0.671573913043478
P387511,1,1,0,0,1,0,1,0.671594339622642
P443833,1,0,0,1,0,0,1,0.671849033505155
P444980,1,0,0,1,0,1,1,0.671911868686869
P416312,1,0,0,0,0,0,1,0.672392783505155
P504810,1,0,1,1,0,0,0,0.672423076923077
P4032,1,0,0,0,1,0,0,0.672492744479495
P455676,1,0,0,1,0,1,0,0.672607007233273
P458216,1,0,0,1,1,0,0,0.672607007233273
P454120,1,0,1,1,1,1,0,0.673992850678733
P450244,1,0,0,1,0,0,0,0.674061363636364
P401570,1,0,0,0,0,0,0,0.674353488372093
P126301,1,0,0,1,0,0,0,0.674458683729433
P384539,1,0,0,1,0,0,0,0.674505743879473
P480174,1,0,0,0,0,0,0,0.67465
P424989,1,0,0,1,0,1,1,0.676023469387755
P392142,1,0,0,1,0,0,0,0.676178947368421
P443838,1,0,0,1,0,0,1,0.676364948453608
P447785,1,0,0,1,0,0,0,0.676448221343874
P438629,1,1,0,1,1,0,0,0.6766
P474079,1,0,0,1,1,1,0,0.676977559912854
P467748,1,0,0,0,1,0,0,0.677463218390805
P433975,1,0,0,1,0,1,1,0.677570689655172
P426080,1,0,0,1,1,0,0,0.677586734693878
P460701,0,0,0,0,1,0,0,0.677827202072539
P424948,1,0,0,1,0,0,1,0.678021867612293
P482754,1,0,0,1,1,1,0,0.678058064516129
P449180,1,0,1,1,0,0,0,0.678781361607143
P429661,1,0,0,1,1,1,0,0.679080582524272
P309308,1,0,0,0,0,0,0,0.679272703703704
P422648,1,0,1,1,1,0,0,0.679359615384615
P375853,1,0,0,1,0,0,0,0.679793906093906
P433618,1,0,0,1,0,0,0,0.680026363636364
P416816,1,0,0,1,0,1,0,0.680223655913979
P430809,0,0,1,0,0,0,0,0.680225
P471566,1,0,0,1,1,1,1,0.680575
P443843,1,0,0,1,0,0,0,0.680830995106036
P452004,0,0,0,1,0,0,0,0.681929411764706
P429683,1,0,0,1,0,1,0,0.682070625
P471788,1,0,0,0,1,0,0,0.682117598908595
P383051,1,0,0,1,1,1,0,0.682213636363636
P429526,1,1,0,1,0,0,0,0.682221359223301
P469522,1,0,0,1,0,0,0,0.682256511056511
P466154,1,0,1,1,0,0,0,0.682281707317073
P467757,1,0,0,1,0,1,0,0.68235
P423143,1,0,1,0,0,1,0,0.682622222222222
P379705,1,0,0,1,0,0,0,0.68265
P388200,1,0,0,1,1,0,0,0.683024251497006
P424990,1,0,0,1,0,1,0,0.683053757225434
P501243,1,0,0,1,0,0,0,0.68342390438247
P122900,1,0,0,1,0,0,0,0.684168426344897
P443845,0,0,0,1,0,1,0,0.684264416243655
P475135,1,0,0,1,0,0,0,0.684266666666667
P456571,1,0,0,1,1,1,0,0.684266666666667
P447210,1,0,0,1,1,0,1,0.684341066140178
P482529,1,0,1,1,0,0,0,0.684390740740741
P94421,1,0,0,0,0,0,1,0.684399725463281
P376135,1,0,0,1,0,1,0,0.684448214285714
P480444,1,0,1,1,1,0,0,0.684575342465753
P385632,1,0,1,1,0,0,1,0.684645604395604
P474938,1,1,1,1,0,0,0,0.684754371785452
P439061,1,1,0,0,0,1,1,0.68480585052418
P442761,1,0,0,1,0,0,0,0.684873546856465
P468211,1,0,0,1,1,0,0,0.685495628415301
P470024,1,0,0,1,1,0,0,0.685983730715288
P470007,1,0,0,0,0,1,0,0.686116233766234
P455924,1,0,1,1,0,1,0,0.686207232704403
P442840,1,0,0,1,1,0,1,0.686779278183293
P467976,1,0,0,1,0,0,1,0.686810875331565
P269122,1,0,0,1,1,0,0,0.687161640140275
P122661,1,0,0,1,0,1,0,0.68723950617284
P474957,1,0,0,1,0,0,0,0.687249295774648
P475200,1,1,1,1,1,1,1,0.687921951219512
P424986,1,0,0,1,1,0,0,0.687974585635359
P379907,0,0,0,1,0,1,0,0.688106530612245
P4010,1,0,0,0,1,1,1,0.688354626108999
P440307,1,0,0,1,1,0,1,0.688464416135881
P461555,1,0,0,0,0,0,0,0.688464416135881
P461950,1,0,0,1,0,1,0,0.688533333333333
P480346,1,0,0,1,0,0,0,0.688571428571429
P456566,1,1,0,1,1,1,0,0.688906532180596
P384537,1,0,0,1,0,1,0,0.688913320079523
P426829,1,0,1,1,0,1,0,0.689015700483092
P416538,1,1,1,1,0,0,0,0.689092857142857
P454100,1,0,0,0,0,1,0,0.689103973509934
P467249,1,1,1,1,0,0,0,0.689319083969466
P457694,1,0,0,1,0,1,0,0.689484259259259
P481081,1,0,1,1,0,0,0,0.6896
P465365,1,0,1,1,0,1,0,0.689602793296089
P433469,1,0,0,0,0,0,0,0.690184615384615
P462384,1,0,0,1,0,1,0,0.6906
P441644,1,0,0,0,0,0,0,0.690715715749915
P411387,1,0,0,1,0,0,0,0.690771367667121
P391799,1,0,0,1,0,1,0,0.690901244813278
P385631,1,0,0,1,0,1,0,0.691091791044776
P442850,1,0,0,1,0,0,0,0.691112396694215
P428819,0,0,0,1,0,1,1,0.691630466321244
P403315,1,0,0,1,0,0,0,0.691661878453039
P481350,1,0,0,1,0,1,0,0.691933333333333
P406941,1,0,0,1,0,0,1,0.692001333333333
P442748,1,0,0,0,0,1,0,0.692046875
P467038,1,0,0,1,1,0,0,0.692306085649887
P472454,1,0,0,1,1,1,0,0.693090672782875
P479362,1,0,0,1,0,0,0,0.693989826839827
P431187,1,0,0,0,0,1,0,0.694182993197279
P248404,1,0,0,1,0,1,0,0.694253563121167
P448557,1,0,0,1,0,1,0,0.694575
P448551,1,0,0,1,0,1,0,0.6947
P467247,1,0,0,0,0,1,0,0.694705152224824
P122762,0,0,0,1,0,0,0,0.694859683313033
P474936,1,1,0,1,0,1,0,0.695038848920863
P480279,1,0,0,0,0,0,0,0.69536
P232915,1,0,0,1,0,1,0,0.695478702774992
P458576,1,0,0,0,0,1,0,0.695645497630332
P474826,1,0,0,0,0,1,0,0.695668531468532
P202935,1,0,0,1,1,1,0,0.695788888888889
P502998,1,0,0,1,0,1,1,0.696285714285714
P455898,0,0,0,0,0,0,0,0.696452912621359
P173652,1,0,0,0,0,1,0,0.696505865921788
P375852,0,0,0,1,1,1,0,0.696550114942529
P432829,1,0,0,0,0,1,0,0.696753063193439
P463371,1,0,0,1,0,1,1,0.696753063193439
P448937,1,0,0,0,0,0,0,0.697066808149406
P504774,1,0,1,1,0,0,0,0.69726
P449599,1,0,0,1,0,1,0,0.697408608858391
P39274,1,0,0,0,0,1,0,0.697408608858391
P460758,1,0,0,0,0,0,1,0.697432110091743
P423164,1,0,0,1,0,1,1,0.697517391304348
P447212,0,0,0,1,0,1,0,0.697933902161547
P454936,0,0,0,1,0,0,0,0.697933902161547
P481367,1,0,0,1,0,0,1,0.698419298245614
P482329,1,0,1,1,1,1,0,0.698728391167192
P420699,1,0,0,0,0,1,0,0.699026574500768
P461160,1,0,0,1,0,0,1,0.699676326699834
P461933,1,0,0,1,1,1,0,0.699676326699834
P461159,1,0,0,1,0,1,0,0.699676326699834
P392248,1,0,0,0,0,1,0,0.700350556792873
P500113,1,0,1,1,0,0,1,0.700408403361345
P482757,1,0,0,0,0,1,0,0.700471219512195
P475182,1,0,0,1,1,0,0,0.700471219512195
P481058,1,0,0,1,0,1,0,0.700541935483871
P447783,1,0,0,1,0,0,0,0.70118
P475932,1,0,1,1,1,1,0,0.701241176470588
P467118,1,0,1,0,0,0,1,0.701454071661238
P411360,1,0,0,1,0,1,0,0.701485526315789
P455242,1,0,0,0,0,0,0,0.701674760383387
P502756,1,0,0,1,0,1,0,0.701729032258065
P471065,1,0,0,1,0,0,0,0.701877987421384
P458573,1,0,0,0,0,1,1,0.702022222222222
P504524,1,0,0,0,1,0,0,0.702495454545455
P505274,0,0,0,0,0,0,1,0.70299375
P504028,1,0,1,1,0,1,1,0.703247791164659
P418629,1,0,0,1,0,0,0,0.703501089918256
P481390,1,0,0,0,1,1,0,0.7036140625
P456218,1,0,1,1,0,1,1,0.70368808716707
P392608,1,0,0,1,1,0,0,0.704175092936803
P415747,0,0,0,1,0,0,0,0.704312324723247
P433962,1,1,0,1,0,0,0,0.704765217391304
P500982,1,0,0,1,0,1,1,0.705289655172414
P440925,1,0,1,1,0,0,0,0.705452068126521
P417867,1,1,0,0,0,1,1,0.705518076923077
P416139,1,0,0,1,1,0,0,0.705650358239509
P467126,1,0,1,1,0,0,0,0.705714735099338
P297524,1,0,0,1,0,1,1,0.70625
P469524,1,0,0,1,0,0,0,0.706332330827068
P453224,1,0,0,1,0,0,0,0.706365113871636
P418346,1,0,0,1,0,1,0,0.706378166666667
P173622,1,0,0,0,0,1,0,0.70682
P503721,0,0,0,1,0,0,0,0.7069325
P479319,1,0,0,1,0,0,1,0.707014130434783
P479348,1,0,1,0,0,1,0,0.707337704918033
P456392,1,0,0,1,0,0,0,0.707368579234973
P501790,1,0,0,1,0,1,1,0.707387878787879
P402718,1,0,0,1,0,0,0,0.707757525083612
P480603,1,0,0,0,0,1,1,0.708060810810811
P504007,1,0,0,1,0,0,0,0.708121939953811
P9941,1,0,0,1,0,1,0,0.708156777493606
P309306,0,0,0,0,0,0,1,0.708608205128205
P456413,1,0,0,1,0,0,0,0.708636470588235
P38217,1,0,0,1,0,1,0,0.708692913385827
P122718,1,0,0,1,0,1,1,0.709045439330544
P12336,1,0,0,0,0,0,0,0.709200124429697
P482693,1,0,0,1,0,0,1,0.709389714285714
P421996,1,0,0,1,0,1,0,0.709801271354787
P500318,1,0,0,1,0,0,0,0.710242519685039
P467971,1,0,0,1,0,0,0,0.710297297297297
P417118,1,1,0,1,0,0,0,0.710382089552239
P417238,1,1,0,1,0,0,0,0.710698573512725
P481837,1,0,0,1,0,1,0,0.711083333333333
P442838,1,0,0,1,0,0,1,0.71131755888651
P440929,1,0,0,1,0,0,0,0.711364761904762
P470217,1,0,0,1,0,1,0,0.712105699481865
P458209,1,0,1,1,0,0,0,0.712186873156342
P503552,0,0,1,0,0,1,1,0.7122
P405584,1,0,0,1,0,0,0,0.712534333333333
P459141,1,0,0,1,0,1,1,0.713191839220463
P480301,1,0,0,0,0,0,1,0.713191839220463
P479861,1,0,0,1,0,0,0,0.713241176470588
P440491,1,0,0,1,0,1,0,0.71355945945946
P461491,0,0,0,1,0,1,0,0.713650574712644
P479632,1,0,0,1,0,0,0,0.713890951276102
P309310,1,0,0,1,0,0,1,0.714256782334385
P399934,1,0,1,1,1,1,0,0.714354347826087
P444222,0,0,0,1,0,0,1,0.714434366197183
P9940,1,0,0,1,0,1,0,0.714633775633293
P430338,1,0,0,1,0,1,0,0.714954166666667
P400204,0,0,0,0,0,0,0,0.715019825072886
P466117,1,0,0,1,0,0,1,0.715234268833087
P443830,1,0,0,1,1,1,0,0.715768503118503
P476485,1,1,1,0,0,0,1,0.715889189189189
P456989,1,0,0,1,0,1,0,0.715974468085106
P474118,1,0,0,1,1,0,0,0.7160075
P501024,0,0,0,1,0,1,0,0.716266666666667
P297516,1,0,0,1,0,0,0,0.716349832674171
P469510,1,0,0,1,1,1,1,0.716512121212121
P232902,1,0,0,1,0,0,0,0.716518181818182
P481817,1,1,0,0,0,0,1,0.717017723004695
P500094,1,0,1,0,0,1,0,0.71705601659751
P434360,1,1,0,0,0,0,0,0.717119760479042
P438640,1,0,0,1,0,0,0,0.71729
P427638,1,0,1,1,0,1,1,0.717350078988942
P471541,1,0,0,1,0,1,0,0.717914594594595
P475188,1,0,0,1,0,0,0,0.71821052631579
P471017,1,0,0,1,0,1,1,0.718233333333333
P468634,1,0,0,1,0,0,0,0.718238461538462
P448562,1,0,0,1,0,1,0,0.718326086956522
P449601,1,0,0,1,0,0,0,0.718406666666667
P375841,1,0,0,1,1,0,1,0.718707684630739
P417107,1,1,0,1,0,1,0,0.718771830985916
P383054,1,0,0,1,0,1,0,0.7189
P455618,1,0,0,0,0,0,0,0.719091
P481408,0,1,0,1,0,0,1,0.719168115942029
P392235,0,0,0,1,0,1,0,0.719410887316277
P435800,1,0,1,1,0,1,0,0.719508641975309
P395615,1,0,0,1,0,1,0,0.719725384615385
P475543,1,0,0,1,1,0,1,0.719961866666667
P441645,1,0,0,1,0,1,0,0.7203125
P404322,1,1,0,0,0,1,0,0.720852637130802
P379064,1,1,0,1,0,0,0,0.721115107913669
P430146,1,0,0,1,0,1,0,0.721164595103578
P433971,1,1,0,1,0,0,1,0.721509523809524
P416552,1,0,0,1,1,1,0,0.722692682926829
P433974,1,1,0,1,0,1,0,0.722848484848485
P456417,1,0,0,1,0,1,1,0.723159646302251
P410657,1,0,0,0,0,0,0,0.7232125
P442745,1,1,1,1,0,0,0,0.724448717948718
P466673,1,0,0,1,0,1,0,0.724532277526395
P428240,1,0,0,1,0,1,1,0.72522100456621
P470040,1,0,0,0,0,0,0,0.725304975124378
P400259,1,0,0,1,0,1,1,0.72559968847352
P415237,1,0,0,0,0,1,0,0.725614019715225
P481354,1,0,0,0,0,0,0,0.725727450980392
P473126,1,0,1,0,1,0,0,0.725769565217391
P459133,1,0,0,0,1,0,0,0.725914583333333
P453227,1,0,0,0,1,0,0,0.725914583333333
P377919,1,0,0,0,0,11,1,0.725920792079208
P480629,1,0,1,0,0,0,0,0.726524902723736
P469506,1,0,0,1,0,0,0,0.726678850574713
P449175,1,1,0,0,0,0,0,0.726737142857143
P461948,1,0,0,0,0,1,1,0.726882456140351
P426340,0,0,1,0,0,0,0,0.726915121668598
P474825,1,0,0,1,0,0,1,0.727095394736842
P475907,1,0,1,0,1,0,0,0.72734512195122
P504880,1,0,1,1,0,1,0,0.7284625
P453818,1,0,0,0,0,0,0,0.7286208
P439058,1,0,1,0,0,1,1,0.728730621118013
P217932,1,0,1,0,1,0,1,0.729159898477157
P479633,1,0,1,0,1,0,0,0.729845171339564
P432668,1,0,1,0,1,1,0,0.730056234718826
P424985,1,1,0,1,1,0,0,0.7304
P434361,1,1,1,0,0,0,1,0.730689054726368
P504778,1,0,0,0,0,1,0,0.731115384615385
P455934,0,0,1,0,1,0,0,0.731383922829582
P475921,1,0,1,1,0,0,0,0.731447128927411
P407450,1,1,0,1,1,0,0,0.731508349514563
P434336,0,0,1,0,0,1,0,0.731573950299914
P379707,1,1,1,0,0,0,0,0.731749646226415
P501176,1,0,0,1,1,0,0,0.732128728070176
P500287,1,0,1,0,1,1,0,0.73228
P474325,1,0,1,0,0,1,0,0.732816666666667
P388545,1,0,0,0,0,1,0,0.732961111111111
P476730,1,1,1,0,1,0,0,0.733209852216749
P450633,1,0,0,0,0,1,0,0.733209852216749
P478029,0,0,0,1,0,0,0,0.73332507204611
P469088,0,0,0,1,0,0,0,0.73332507204611
P408241,1,1,0,1,1,1,0,0.733441025641026
P455623,1,0,1,0,1,0,1,0.73350207253886
P7880,1,0,0,1,0,0,0,0.733895123626374
P474824,1,0,1,0,0,0,0,0.733941700404858
P469511,1,0,1,0,1,1,0,0.734333636363637
P418624,0,0,1,0,0,0,0,0.734419786096257
P480607,1,0,1,0,1,0,0,0.73455
P469507,1,0,1,0,0,0,1,0.734593055555556
P475203,1,0,1,0,1,1,0,0.73460075
P475185,1,0,0,0,1,0,0,0.73460075
P502479,1,0,1,0,1,0,0,0.734670731707317
P463665,0,0,1,0,0,1,0,0.734682058047493
P471029,1,1,1,0,1,0,0,0.734892147239264
P460747,1,0,1,0,0,0,0,0.73501648177496
P392522,1,0,1,0,0,1,1,0.73522
P482695,1,0,1,0,0,0,0,0.735449738219895
P483661,1,0,0,0,1,0,0,0.735659459459459
P504795,1,0,1,0,1,1,0,0.735864705882353
P422013,1,1,1,0,0,1,0,0.736267752442997
P481371,0,0,1,0,0,0,0,0.736417919075145
P457696,1,0,1,0,0,1,0,0.736521527777778
P503634,1,0,1,0,1,0,0,0.736707777777778
P421249,1,1,0,1,1,0,0,0.737174193548387
P428103,1,0,0,0,1,1,1,0.737481818181818
P473185,1,0,0,0,1,0,0,0.738714285714286
P467251,1,1,1,0,1,0,0,0.739551798561151
P420158,1,0,0,0,1,1,0,0.739679952267303
P423167,1,0,0,0,1,0,0,0.7398
P447603,1,0,0,0,1,0,0,0.739959133709981
P416815,1,0,0,0,1,0,1,0.739963303386316
P500746,1,0,0,0,1,1,0,0.740666964285714
P448548,0,0,0,0,0,0,0,0.7411
P458219,1,0,0,0,1,0,0,0.741382595603734
P467762,1,0,0,0,1,0,0,0.741382595603734
P468821,1,0,1,0,0,1,1,0.741392336448598
P460757,1,0,0,0,1,0,0,0.741525
P440305,1,0,0,0,0,0,0,0.741684482758621
P379510,1,0,0,0,0,1,0,0.741724828446662
P442859,1,0,0,0,0,0,0,0.741801694915254
P454935,1,0,0,1,0,0,1,0.741962699386503
P447782,1,0,0,1,0,0,0,0.741962699386503
P442003,1,0,0,0,1,1,0,0.742348863636364
P455229,1,0,0,1,0,0,0,0.7425
P471038,0,0,0,1,0,0,0,0.742638349514563
P454315,1,0,0,0,1,0,0,0.74301875
P443563,1,0,0,1,0,1,0,0.743034420096205
P456418,1,0,0,0,1,0,1,0.743351615168539
P459301,1,0,0,1,0,0,1,0.74373093645485
P456208,1,0,0,1,0,0,0,0.74373093645485
P476028,1,0,0,0,0,1,0,0.743888785046729
P454085,1,0,0,0,0,0,0,0.743922765957447
P455936,1,0,0,1,0,0,0,0.744067916666667
P453253,1,0,0,0,1,1,0,0.744342592592593
P482325,1,0,0,0,1,0,0,0.744544943820225
P500613,1,0,0,1,0,0,0,0.744663557858377
P462386,1,0,1,0,1,1,0,0.7447
P432048,1,1,0,0,1,0,1,0.7450271875
P439927,1,0,0,0,0,0,0,0.745340780141844
P501028,1,0,0,0,1,0,0,0.745466279069768
P422007,1,0,0,0,1,0,0,0.745998609501738
P471037,1,0,0,0,0,0,0,0.74623324742268
P470065,1,0,1,0,0,1,0,0.746472779369628
P448201,1,0,0,1,1,1,0,0.746542028985507
P454086,1,0,1,0,0,0,0,0.746554563492064
P480608,0,0,0,0,0,0,0,0.747426666666667
P12295,1,0,0,1,0,0,0,0.747636822429907
P399622,1,0,0,0,0,0,0,0.747824390243902
P392144,1,1,0,0,0,0,0,0.747949411764706
P453928,1,0,0,0,1,0,0,0.748519722222222
P500138,1,0,1,0,0,1,0,0.748848818897638
P457521,1,0,0,0,0,0,0,0.749114669421488
P473336,1,1,1,1,1,0,0,0.749585714285714
P461213,1,0,1,0,0,0,0,0.749825266362253
P442836,1,0,0,0,1,1,1,0.749840301507538
P479329,1,0,0,0,1,0,0,0.750619815668203
P460516,1,0,0,0,1,0,0,0.750726470588235
P474840,1,0,1,0,1,1,0,0.750780267558528
P454313,1,0,0,0,0,1,0,0.751088024564995
P380027,1,0,0,1,0,0,0,0.751175862068966
P457695,1,0,0,0,0,0,1,0.751220857142857
P481710,1,0,1,0,0,0,0,0.751414285714286
P468408,1,0,1,0,1,1,0,0.751547255689424
P402014,1,0,0,0,1,0,0,0.75158115942029
P440484,1,0,0,0,0,0,0,0.752126373626374
P438619,1,0,0,1,0,0,0,0.752245951035782
P454396,1,0,0,0,1,0,0,0.752277719528178
P464233,1,0,0,1,0,0,0,0.752378024691358
P447781,1,0,0,1,1,1,0,0.752378024691358
P482007,1,0,0,0,1,0,0,0.753038095238095
P423134,1,0,0,1,1,0,0,0.753332843137255
P454019,1,0,1,0,1,1,0,0.753369726247987
P386739,1,0,0,1,1,0,0,0.753522857142857
P471761,1,0,0,0,1,0,1,0.753854464285714
P456582,1,0,0,1,1,1,1,0.754045595854922
P444216,1,1,0,0,0,0,0,0.754837853107345
P440500,1,0,0,0,1,0,0,0.755080952380952
P479947,1,0,0,1,1,0,1,0.755533333333333
P455613,1,0,0,1,1,1,0,0.755580916030534
P472022,0,0,0,0,1,0,0,0.75566
P503865,1,0,0,1,1,1,0,0.755879891304348
P466163,1,0,1,1,0,0,0,0.755996774193548
P470509,1,0,0,0,1,0,1,0.756077079107505
P442744,0,0,0,0,1,0,0,0.756206955645161
P479734,1,0,1,1,1,0,1,0.756873872087258
P479706,1,0,1,1,1,0,0,0.756971948608137
P433443,1,1,0,0,0,0,0,0.756983805668016
P481366,1,0,1,0,1,1,1,0.757031235955056
P440658,1,0,0,0,1,0,0,0.757363432835821
P469818,1,0,0,0,1,0,0,0.757774641148325
P416563,0,0,0,0,0,1,1,0.758020652173913
P443549,1,0,1,1,1,0,1,0.75803125
P375850,1,0,0,0,1,0,0,0.758519912948858
P500701,1,0,0,1,1,1,0,0.758776713091922
P468351,1,0,0,1,1,0,1,0.758791965317919
P466164,1,0,0,1,1,1,0,0.758918328298087
P448200,1,0,1,1,1,0,1,0.759185365853659
P463036,1,0,0,0,1,0,0,0.759654138702461
P500016,1,0,0,0,0,0,0,0.759884615384616
P470041,1,0,0,0,0,1,0,0.759996937799043
P467602,1,0,0,1,1,1,0,0.76007057793345
P467111,1,0,0,0,1,0,1,0.760111464968153
P471567,1,0,0,1,1,1,0,0.760406451612903
P473148,1,0,0,0,1,1,0,0.760976984126984
P503693,1,0,1,0,1,1,1,0.760992757009346
P455909,1,0,0,0,1,1,0,0.761025
P474115,1,1,0,0,1,1,0,0.761148936170213
P475181,1,0,0,1,0,0,0,0.761200898203593
P475540,1,0,0,0,1,1,0,0.761223
P501169,1,0,0,1,0,1,0,0.761329914529915
P467110,1,0,0,0,1,1,0,0.761364937106918
P470529,1,0,1,0,1,0,0,0.761474947071277
P501288,1,0,0,0,0,1,0,0.761899413489736
P504515,1,1,0,1,1,1,0,0.76192
P460515,1,0,0,0,0,0,0,0.762104911591356
P469519,1,0,1,0,1,1,0,0.763079831932773
P481060,1,0,0,0,1,1,0,0.763105454545455
P481739,1,0,1,0,1,1,0,0.763142931258106
P502448,1,0,0,0,1,1,0,0.763533333333333
P440312,1,1,0,0,1,1,0,0.764210966212211
P423130,1,0,0,1,1,0,0,0.764532564102564
P472469,1,0,1,0,1,0,0,0.765261436170213
P478731,1,0,0,0,1,1,1,0.765363137254902
P480192,1,0,1,1,1,1,0,0.765896325459318
P469490,1,0,0,1,1,0,1,0.765959527121002
P476415,1,0,1,0,1,1,0,0.766056120092379
P457522,1,0,0,0,1,1,0,0.766100923076923
P456207,1,0,0,1,1,0,0,0.766129884318766
P462699,1,0,0,0,1,1,0,0.76616449765747
P476428,1,0,0,0,1,1,0,0.766485314685315
P501031,1,1,0,1,1,1,0,0.766538888888889
P503250,1,0,1,0,1,0,0,0.766582914572864
P471025,0,0,0,0,1,0,0,0.766619407894737
P380000,1,0,0,1,1,1,0,0.766974161073826
P446419,1,0,0,1,0,1,0,0.767429048843188
P473267,1,0,1,1,1,0,0,0.767586946107784
P469118,1,1,0,0,1,1,1,0.767594314381271
P473820,1,0,0,1,1,1,0,0.769047354014599
P473828,1,0,1,0,1,1,0,0.769174826789838
P481341,1,0,0,0,1,1,0,0.769266265060241
P418872,1,0,0,0,1,1,1,0.769275199089875
P467615,1,0,1,0,1,1,0,0.769447043010753
P422848,1,1,0,0,1,1,1,0.769457142857143
P501004,0,0,1,0,0,1,0,0.769992105263158
P454378,1,0,0,0,1,0,0,0.770439719626168
P456414,1,0,0,0,1,1,0,0.770660707269155
P501760,1,0,1,1,1,1,0,0.770668905742145
P387261,1,0,0,1,1,1,0,0.770722777777778
P411365,1,0,0,0,1,0,0,0.770837439379243
P456399,1,0,0,0,1,1,0,0.771012727272727
P458755,1,0,1,1,1,1,1,0.771062893081761
P501213,1,0,0,0,1,1,0,0.771256944444445
P504050,1,0,0,1,1,0,0,0.77127380952381
P482535,1,0,1,0,1,0,0,0.771345180136319
P500112,1,0,0,0,1,1,0,0.77164019138756
P480177,1,0,1,1,0,1,0,0.772462542955327
P503913,1,0,1,0,1,0,0,0.772479617834395
P469517,1,0,1,0,1,1,1,0.772605555555556
P504001,1,0,0,0,1,1,0,0.772722093023256
P460512,1,1,0,0,0,1,0,0.772750626702997
P423125,1,0,0,0,1,1,0,0.772892948717949
P480606,1,0,0,0,1,1,0,0.773803623188406
P400205,0,0,0,0,1,1,0,0.774127385892116
P455931,1,0,1,0,0,1,0,0.774156565656566
P448715,1,0,0,1,1,1,0,0.774223333333333
P467120,1,0,1,0,1,0,1,0.774672451790634
P445827,1,1,0,0,0,1,0,0.774683015873016
P479701,1,0,1,0,1,1,0,0.774695402298851
P413326,1,0,0,0,1,1,0,0.774727827380953
P469528,1,0,0,0,1,1,1,0.774776642335767
P505392,1,0,0,0,1,1,0,0.77508064516129
P475589,1,0,1,1,1,1,0,0.775384766839378
P474107,1,1,0,1,1,1,0,0.775835555555556
P483698,1,0,0,0,1,1,0,0.775848214285714
P423127,1,0,0,0,0,1,0,0.775867336683417
P471003,1,0,0,0,1,1,0,0.77618262295082
P467122,1,0,0,1,1,1,0,0.776232071269488
P482006,1,0,1,0,1,1,0,0.77639889298893
P483658,1,0,0,0,1,1,0,0.776451219512195
P500117,1,0,0,0,1,1,0,0.776833333333333
P460578,1,0,0,0,1,1,1,0.776890921409214
P467614,1,0,0,0,1,1,0,0.777154054054054
P483453,0,0,0,0,0,1,0,0.777175138121547
P477830,1,0,0,0,1,1,0,0.777412579617834
P468672,1,0,0,0,1,1,0,0.777628431372549
P469862,1,0,0,0,1,1,0,0.777694618834081
P483643,0,1,0,0,1,1,0,0.777703378378378
P462666,1,0,0,1,1,1,0,0.778118090452261
P448203,1,0,0,1,1,1,0,0.77829746835443
P482259,1,0,0,0,1,1,0,0.778322222222222
P504042,1,0,0,0,0,0,0,0.77885218579235
P476459,1,0,0,1,1,1,0,0.778893467336683
P482298,1,0,0,1,1,1,0,0.778935026269702
P501587,1,0,0,0,0,1,1,0.778949090909091
P470507,1,0,0,1,1,1,0,0.779096511627907
P479304,1,0,0,0,1,1,0,0.779114230769231
P481336,0,0,0,1,0,1,0,0.779245856353591
P456126,1,0,0,0,1,1,1,0.779257034220532
P482008,1,0,0,1,1,1,0,0.7795009375
P505408,1,0,1,1,1,0,0,0.779662
P474937,1,1,0,0,1,1,0,0.779674920969442
P447788,1,0,0,1,1,1,1,0.779705555555556
P445833,1,0,1,0,0,1,1,0.780175510204082
P440650,1,0,0,0,1,1,0,0.780309219858156
P397890,1,0,0,1,1,0,0,0.780329395138496
P476894,0,0,1,0,1,1,1,0.780538271604938
P466153,1,0,0,1,1,1,0,0.780693714285714
P479125,1,0,0,1,1,1,0,0.780693714285714
P479327,1,0,1,0,1,0,1,0.780713991769547
P500472,1,0,1,0,1,1,0,0.780713991769547
P482741,1,0,0,0,0,1,0,0.781317525773196
P421235,1,0,0,1,1,1,0,0.781654085155351
P443358,1,0,0,0,1,1,1,0.781707947019868
P479705,1,0,1,0,1,1,0,0.781954195011338
P481363,1,0,0,0,1,1,1,0.782388068181818
P473133,1,0,0,0,1,1,0,0.782545408163265
P475906,1,0,1,0,1,1,1,0.782862666666667
P500718,1,0,1,1,1,1,0,0.782975842105263
P472455,1,0,0,0,1,1,0,0.783071428571429
P475629,1,0,1,0,1,0,1,0.783377945619335
P480612,1,0,0,0,1,1,1,0.783408493842754
P455241,1,0,0,0,0,1,1,0.783758018018018
P467123,1,0,0,0,1,1,0,0.783929550321199
P461949,1,0,0,0,1,1,0,0.783977797513322
P448544,1,0,1,1,1,0,0,0.784411111111111
P466123,0,0,1,0,1,1,0,0.784634909090909
P443351,1,1,0,0,0,1,0,0.784775394321767
P423150,1,1,0,0,1,1,0,0.784775394321767
P479339,1,1,1,0,0,0,1,0.784993886966551
P504595,1,0,0,0,0,1,0,0.78530509580106
P461537,1,0,0,0,1,1,0,0.78530509580106
P480447,1,0,0,0,1,1,1,0.78570813559322
P415771,0,0,0,0,0,1,0,0.785746234393878
P473160,0,0,0,0,1,1,0,0.785746234393878
P433520,1,0,0,1,1,1,0,0.785903024193548
P503809,1,0,0,0,1,1,0,0.786167045454545
P429516,1,0,0,0,1,1,0,0.786194242803505
P477985,0,0,0,0,1,1,0,0.786433537832311
P500019,1,1,0,0,0,0,0,0.786551300236407
P501157,1,0,1,1,1,1,0,0.786673513513514
P449177,1,0,0,0,1,1,1,0.786704054054054
P479340,1,0,0,0,0,1,0,0.787306934306569
P450290,1,1,1,1,1,0,0,0.787350574712644
P454837,1,1,0,0,1,1,0,0.787558495145631
P471101,1,0,1,0,0,1,1,0.788126838966203
P448185,1,0,1,0,1,0,0,0.789142790697675
P503562,0,0,1,0,1,1,0,0.789564705882353
P475083,1,0,0,1,1,1,0,0.78985
P444057,1,0,0,0,1,1,0,0.789974269005848
P478020,1,0,0,0,1,1,0,0.790320895522388
P472467,1,0,0,0,0,1,0,0.790434444444444
P475194,1,0,0,1,1,1,1,0.790757400722022
P500753,1,1,1,0,1,1,0,0.790970238095238
P503191,1,0,0,0,0,1,1,0.7912703366697
P474377,1,0,0,0,1,1,0,0.7912703366697
P501316,1,1,0,0,1,0,0,0.791391666666667
P500160,1,0,0,0,1,1,1,0.791811688311688
P459300,1,0,0,0,0,1,0,0.792148738738739
P456211,1,0,0,0,1,1,0,0.792148738738739
P482074,1,0,1,0,0,0,1,0.792387885010267
P453929,1,0,1,0,1,1,0,0.79240748502994
P430337,1,1,0,1,1,0,0,0.792518676122932
P469111,1,0,0,1,1,1,1,0.792747916666667
P482061,1,0,0,0,1,1,0,0.792822101449276
P467749,1,0,0,1,1,1,0,0.793020348837209
P479351,1,0,0,0,1,1,0,0.793559550561798
P477961,1,0,0,0,1,0,1,0.794103012048193
P504049,1,0,0,1,1,1,0,0.794217647058824
P500329,0,0,0,0,1,1,0,0.794413402061856
P468813,1,0,0,0,1,1,0,0.794710795454546
P482024,1,1,0,1,1,0,0,0.79471108490566
P480613,1,1,0,1,1,1,0,0.79471108490566
P463106,1,0,0,1,1,1,0,0.79506
P472472,1,0,0,0,0,1,0,0.795204085603113
P469454,1,0,0,0,1,0,0,0.795331343283582
P475190,1,0,0,1,1,1,0,0.795364150943396
P483700,1,0,0,0,1,1,0,0.796289516129032
P472341,1,0,0,0,1,0,0,0.796292
P443359,1,0,0,1,1,1,0,0.79657452631579
P467630,1,0,0,1,1,1,0,0.796585570469799
P445822,1,0,0,0,1,1,1,0.796709090909091
P453930,1,0,0,1,1,0,0,0.797126984126984
P471227,1,0,0,1,1,1,0,0.797305
P505140,1,0,0,0,1,1,0,0.797425531914894
P468658,1,0,0,0,1,1,0,0.797602833333333
P482739,1,0,0,0,1,1,1,0.797901861504095
P443700,1,0,0,0,1,0,0,0.797984357541899
P423136,1,0,0,0,1,1,0,0.797984357541899
P481348,1,0,0,1,1,1,1,0.798217647058824
P472981,1,0,0,0,1,1,0,0.798280790960452
P474844,1,0,0,0,1,1,1,0.7983453125
P474080,1,0,0,1,0,1,0,0.798366666666667
P503927,1,0,1,1,1,1,0,0.79842735042735
P504313,1,0,1,1,1,0,0,0.798554
P457697,1,0,0,0,1,1,0,0.799005128205128
P462891,1,1,0,1,1,1,0,0.799389961389961
P379710,1,1,0,0,1,1,0,0.799426142857143
P454018,0,0,0,0,0,0,0,0.799720548961424
P467137,1,0,0,0,1,1,0,0.799777479338843
P483457,0,0,0,0,0,1,0,0.799903289473684
P501005,1,0,1,0,0,1,0,0.800088870703764
P446421,1,1,0,1,1,1,0,0.800142047244094
P500687,1,0,0,0,0,1,0,0.800184516129032
P477150,1,0,0,1,0,0,0,0.800528571428571
P459299,1,1,0,1,0,1,0,0.800788204887218
P456213,1,1,0,1,0,1,0,0.800788204887218
P455421,1,1,0,0,0,1,0,0.800908695652174
P503683,0,0,0,0,0,1,0,0.801150561797753
P501029,1,0,0,0,0,0,0,0.80146986970684
P500307,1,0,0,1,1,1,0,0.801716029143898
P503726,1,0,1,0,1,1,0,0.801779106858054
P421276,1,1,0,0,1,1,0,0.801879250720461
P482753,1,0,0,0,1,1,1,0.802698984771574
P433973,1,1,0,0,1,1,0,0.802832608695652
P442743,1,0,0,1,1,1,0,0.802947834645669
P500894,1,0,1,0,1,1,0,0.802995317725753
P474823,1,0,0,0,0,0,0,0.803081632653061
P471000,1,0,1,0,1,1,0,0.803156213017751
P481084,1,0,1,1,0,1,0,0.803867157743442
P479839,1,0,1,1,0,1,0,0.803867157743442
P469831,1,0,0,1,1,1,0,0.803881818181818
P484081,1,0,0,1,1,1,1,0.804071653543307
P503814,1,0,0,0,1,1,0,0.804078779069767
P427397,1,0,0,0,0,0,0,0.804085846672283
P504421,1,0,0,0,0,1,0,0.804372666666667
P439055,1,0,0,0,1,1,0,0.804709008327025
P480628,1,0,1,0,0,1,0,0.804767525773196
P482698,1,0,0,0,0,1,0,0.804788235294118
P504064,1,0,0,0,0,1,0,0.80511166180758
P475201,1,0,0,1,1,0,1,0.805181621621622
P473322,1,0,0,0,1,1,1,0.805462210095498
P500744,0,0,0,0,0,0,0,0.805576109936575
P443350,1,1,0,0,0,1,0,0.805777886178862
P423148,1,1,0,0,0,0,1,0.805777886178862
P471226,1,0,1,0,0,0,0,0.806856187766714
P501781,1,0,1,0,1,0,1,0.807495
P462344,1,0,0,0,1,0,1,0.8076053125
P475084,1,0,0,0,0,0,0,0.807610731707317
P463105,1,0,0,1,1,1,0,0.807745677694771
P483692,1,1,0,0,1,0,0,0.80782373540856
P505145,1,0,0,0,0,0,1,0.808104166666667
P475951,1,0,1,0,1,0,1,0.80829175
P471097,1,0,0,0,0,1,0,0.808357692307692
P444970,1,0,0,0,1,0,1,0.808968907563025
P472021,0,0,0,0,0,0,0,0.809054166666667
P442837,1,0,0,0,0,0,1,0.809328095238095
P501166,1,0,1,1,1,1,1,0.809907207207207
P474304,1,1,0,0,0,0,1,0.810010396975425
P466114,1,0,0,1,0,0,1,0.810375698324023
P443369,1,0,0,0,0,0,1,0.810523756906077
P481335,0,0,0,0,0,1,1,0.810599537037037
P481828,1,0,0,0,1,0,0,0.810639215686275
P502966,1,0,1,0,0,0,0,0.810886475409836
P500012,1,0,0,0,1,0,0,0.811752941176471
P423123,1,0,1,0,0,0,1,0.812156634304207
P472050,1,0,0,0,0,0,1,0.812239033816425
P456398,1,0,0,0,1,0,1,0.812307933265237
P475186,1,0,0,0,1,1,1,0.812341304347826
P482696,1,0,1,1,0,0,1,0.812468702290076
P481161,1,0,0,0,0,0,1,0.812835935706085
P505209,1,0,1,0,0,0,1,0.81345
P474116,1,0,0,1,0,1,1,0.813470212765957
P481096,1,0,0,0,0,0,1,0.813479841897233
P423142,1,1,0,0,1,0,1,0.813547196261682
P502977,1,0,0,1,1,0,1,0.8136
P448713,1,0,1,1,1,0,1,0.813825
P502758,1,0,0,1,0,0,1,0.8142825
P504446,1,0,0,0,0,1,1,0.814392592592593
P505210,1,0,0,0,0,0,1,0.814545454545455
P461451,1,0,0,0,1,0,1,0.814648800959233
P481833,1,0,1,0,1,0,1,0.815147521865889
P474109,1,0,0,0,0,0,1,0.81525625
P448932,1,0,0,1,0,0,1,0.815394915254237
P481742,1,0,0,1,1,1,1,0.815797619047619
P456206,1,0,0,1,0,0,1,0.816234825870647
P505160,1,1,0,1,1,0,1,0.8164585
P466661,1,0,0,0,1,1,1,0.816627422680412
P480461,1,0,0,0,1,0,1,0.816813586956522
P479692,1,0,0,1,1,0,1,0.817152014652015
P481832,1,0,0,1,0,0,1,0.817305927835052
P481701,1,0,1,0,0,0,0,0.817386092715232
P503827,1,0,1,0,0,1,1,0.817793886462882
P410755,1,0,1,0,1,0,1,0.817991346153846
P443352,1,0,0,0,0,0,1,0.818362391304348
P423688,1,0,0,0,0,0,1,0.818362391304348
P466134,1,1,0,0,0,0,1,0.818688449367089
P448202,1,0,1,1,1,0,1,0.818721119324182
P455929,1,0,0,0,0,1,1,0.818788823529412
P474110,1,1,0,1,1,0,1,0.818983333333333
P482552,1,1,1,0,0,0,0,0.819078468899522
P469514,1,0,0,0,0,0,1,0.819727272727273
P503923,1,0,0,1,0,0,0,0.820089204545455
P474340,1,0,0,0,1,1,0,0.820136511627907
P472468,1,0,0,0,0,0,1,0.820359775967414
P480191,1,0,0,0,1,0,0,0.820579166666667
P503652,1,0,0,0,1,0,1,0.820661818181818
P462339,1,0,1,1,1,0,0,0.820981742738589
P456412,1,0,0,0,0,0,0,0.821020759675108
P503999,1,0,0,1,1,1,1,0.8211326
P466122,1,0,0,0,0,0,1,0.821176955307263
P504320,1,0,1,0,1,0,0,0.821475
P457005,1,0,0,0,0,0,1,0.821554851889683
P481973,1,0,1,0,0,1,0,0.82173
P481162,1,0,0,1,1,0,1,0.821753539823009
P443370,1,0,0,0,0,0,1,0.821885899513776
P471033,0,0,0,0,0,0,1,0.822385167464115
P482068,1,0,0,0,0,0,1,0.822464912280702
P479313,1,0,0,1,0,0,0,0.822575177304965
P471009,1,0,0,1,1,1,0,0.8229640625
P503891,1,0,0,0,0,0,1,0.8230476
P448546,1,0,0,0,0,0,0,0.823122222222222
P482746,1,0,0,0,1,0,0,0.823154545454546
P423135,1,0,0,0,0,0,1,0.823206637168142
P504309,1,0,0,0,1,1,1,0.823430337078652
P450587,1,0,0,0,0,1,1,0.823818181818182
P482740,1,0,0,0,1,0,1,0.824019565217391
P502761,1,0,0,0,0,0,0,0.824107343412527
P470221,1,0,0,0,0,1,0,0.824237704918033
P474121,1,0,0,0,0,0,0,0.824605434782609
P483699,1,0,1,0,1,0,0,0.824649342105263
P500002,1,0,1,1,1,0,0,0.824720895522388
P469213,1,1,0,0,0,0,1,0.825289841986456
P471111,1,0,0,0,0,1,1,0.825320779220779
P457002,0,0,0,1,0,1,0,0.82548115942029
P504892,1,0,0,0,0,0,0,0.825860240963856
P503642,1,0,0,0,1,0,1,0.826
P504433,1,0,0,0,1,0,0,0.826112962962963
P504639,1,0,0,0,0,0,0,0.826270333333333
P483127,1,0,0,0,1,1,1,0.826634666666667
P408230,1,0,0,1,0,0,0,0.826695597484277
P504986,1,0,0,0,1,0,0,0.827388333333333
P482681,1,0,0,0,0,0,1,0.827487186629527
P470506,1,0,0,0,0,0,0,0.827827382753404
P469520,1,0,0,0,1,1,1,0.8279735
P442858,1,0,0,0,1,0,0,0.829794561688312
P482676,1,0,0,1,0,0,1,0.829857004830918
P472024,1,0,0,0,0,0,0,0.830282258064516
P483664,1,1,0,0,0,0,1,0.830311666666667
P478021,1,0,0,0,0,1,0,0.8303625
P448553,1,0,0,1,0,0,0,0.830518181818182
P483701,1,0,0,0,1,0,0,0.830891666666667
P505338,1,0,1,0,0,1,1,0.831064
P482742,1,0,0,0,0,0,0,0.831870420168067
P475183,1,0,0,0,1,0,0,0.832186274509804
P481145,1,1,1,0,0,0,1,0.832310582010582
P479971,1,0,1,1,1,1,0,0.832371973466003
P478239,1,0,0,0,0,0,0,0.832454861111111
P475124,1,1,0,0,0,0,1,0.832651944444445
P471237,1,0,0,0,1,0,0,0.832678606965174
P411403,1,1,1,0,1,0,1,0.832810293526337
P475143,1,0,1,0,1,1,0,0.832815068493151
P500778,1,0,0,0,1,0,0,0.832855474452555
P415619,1,1,1,1,0,0,0,0.833434111187371
P468369,1,0,1,0,1,1,0,0.833556976744186
P505024,1,0,0,0,1,0,0,0.833690985324948
P476414,1,0,1,0,1,0,0,0.833698547356188
P423163,1,0,0,0,1,0,1,0.834188235294118
P448184,1,0,1,0,0,1,1,0.834524729241877
P500102,1,1,0,0,1,0,0,0.834618902439024
P481697,1,0,0,0,0,0,1,0.834934946236559
P270594,1,0,0,0,1,1,0,0.835320255739611
P503991,1,0,0,0,0,0,0,0.835338461538462
P504026,1,0,0,0,0,0,1,0.835338461538462
P445832,1,0,0,1,0,0,0,0.836137153419593
P500420,1,0,0,0,1,0,0,0.83618358974359
P471535,1,1,0,0,1,0,1,0.836499355877617
P470535,1,0,1,0,1,0,1,0.837245081967213
P482692,1,0,0,0,0,1,1,0.837271061093248
P500039,1,0,1,1,0,0,1,0.837321681415929
P482510,1,0,1,0,0,0,1,0.837563
P458917,1,1,0,0,0,0,0,0.838089534883721
P455614,0,0,0,0,0,1,0,0.83847245508982
P480445,1,0,0,0,0,0,1,0.8385
P504125,1,0,0,0,0,0,1,0.838714855072464
P503926,1,0,0,0,0,1,1,0.838794805194805
P482264,1,0,0,0,0,0,0,0.838913010204082
P474075,1,0,0,0,0,0,1,0.839007331378299
P479946,1,0,0,1,0,1,0,0.839075
P482540,1,0,1,0,1,0,1,0.839140685224839
P455237,1,0,0,0,1,0,1,0.839307956989247
P466142,1,0,0,0,1,0,1,0.83948692247455
P470227,1,0,0,1,0,0,1,0.839594751381215
P504073,1,0,0,0,1,0,0,0.839932105263158
P446638,1,1,0,0,0,1,1,0.840475221238938
P470058,1,0,0,0,0,0,1,0.840692366412214
P504071,1,0,0,1,0,0,0,0.840696956521739
P501190,1,0,1,0,1,0,1,0.840813095238095
P504043,1,1,0,0,0,1,0,0.841444174757282
P474832,1,1,0,0,0,0,1,0.841780833333333
P501421,1,0,0,0,0,0,1,0.841814678899083
P466155,1,1,0,0,0,0,1,0.842041840402588
P480160,1,0,0,0,0,1,0,0.842065714285714
P483697,1,0,0,0,1,0,1,0.842148936170213
P479352,1,0,1,0,0,0,0,0.842620547945206
P505174,1,0,0,0,0,0,1,0.8427
P505142,1,0,0,0,0,1,1,0.84288431372549
P457854,1,0,0,0,0,0,1,0.843021052631579
P474967,1,0,0,0,1,0,0,0.8432875
P456395,1,0,0,0,0,0,1,0.843641258741259
P456194,1,0,0,0,1,0,0,0.844165803108808
P474122,1,0,0,1,1,0,1,0.84424
P500116,1,0,0,0,1,0,1,0.8443
P504315,1,0,1,0,0,1,0,0.844384239130435
P476010,1,0,1,0,0,0,1,0.844384239130435
P500055,1,0,0,0,1,0,0,0.845187081339713
P505233,1,0,0,0,0,1,0,0.845330864197531
P429242,1,0,0,0,1,0,1,0.845395555555556
P503657,1,0,0,0,0,0,1,0.845677272727273
P472025,1,0,0,0,0,1,0,0.846015306122449
P443366,1,1,0,0,0,0,1,0.846283687943262
P505009,1,0,0,0,1,0,1,0.846488571428572
P481972,1,0,0,0,1,1,1,0.846496613190731
P476729,1,1,0,0,0,0,1,0.84671801432958
P469538,1,1,0,0,0,0,0,0.84671801432958
P386197,1,0,0,1,0,0,1,0.846810694529809
P476677,1,0,1,0,0,0,0,0.84688
P500777,1,1,0,0,0,1,0,0.847292
P504199,1,0,0,0,0,0,1,0.847409433962264
P505131,1,0,1,0,1,0,0,0.84761935483871
P501254,1,0,1,0,0,0,1,0.847977384196185
P500756,1,0,0,0,0,0,0,0.848469800569801
P483696,1,0,0,0,1,1,1,0.848596428571429
P501581,1,0,0,0,0,1,0,0.849476666666667
P476675,1,0,1,0,0,1,1,0.84951884057971
P472451,1,0,0,0,0,0,0,0.849595031055901
P504506,1,1,0,0,0,0,0,0.849705555555556
P469110,1,1,0,0,1,0,1,0.849744444444445
P501236,1,0,0,0,1,0,1,0.849965632458234
P482675,1,0,1,0,0,1,0,0.850022772277228
P475195,1,0,1,1,1,1,1,0.850033333333333
P481831,1,1,1,0,1,0,0,0.850462108262108
P503651,1,0,0,0,1,0,1,0.850505014749262
P455612,1,0,0,0,1,0,1,0.851349700598802
P435209,1,0,0,0,1,1,1,0.85180101010101
P465741,1,0,0,0,1,0,1,0.851946131805158
P479645,1,0,0,0,1,0,0,0.852059587628866
P502046,1,0,1,0,0,1,0,0.852851260504202
P480285,1,0,0,0,1,0,1,0.852972277227723
P503690,1,0,0,0,0,0,1,0.853044144144144
P404793,1,1,0,0,1,0,1,0.853698138572906
P505711,1,0,0,0,0,0,1,0.854538
P501282,1,0,0,0,1,1,0,0.854719453924915
P476513,1,0,0,0,1,0,0,0.855108016194332
P474953,1,0,0,0,1,0,1,0.855108016194332
P503668,1,0,1,0,1,0,0,0.855273903508772
P481743,1,0,0,0,1,1,1,0.855279545454545
P504045,1,0,0,0,1,0,0,0.855944324324324
P502852,1,0,0,0,1,0,0,0.855970857142857
P468640,1,0,0,0,1,0,0,0.856065917602996
P474057,1,0,0,0,0,0,0,0.856115789473684
P500614,0,0,0,0,0,1,1,0.856134020618557
P483694,1,0,0,0,0,0,0,0.856375
P505031,1,0,1,0,1,0,0,0.856596935933148
P505452,1,0,1,0,1,0,0,0.857276543209877
P500705,1,0,0,0,0,1,1,0.857366666666667
P501321,1,0,0,0,0,0,0,0.857366894197952
P475193,1,0,0,0,1,1,1,0.85746170212766
P482755,1,0,0,0,0,0,0,0.857763888888889
P502395,1,0,1,0,0,1,0,0.858264084507042
P479318,1,0,1,0,0,1,1,0.85866004415011
P468684,1,0,0,0,0,1,1,0.858680174291939
P502745,1,0,0,0,0,1,0,0.859376595744681
P467750,1,0,0,0,0,1,1,0.859768154761905
P474822,0,0,0,0,0,1,1,0.860632773109244
P471046,1,0,0,0,0,1,1,0.86074253438114
P482260,0,0,0,0,0,0,0,0.861169892473118
P481834,1,0,0,0,0,1,0,0.86225
P472302,1,0,1,0,1,0,1,0.862969097222222
P505139,1,0,0,0,0,0,0,0.8632715
P477157,1,0,0,0,0,1,0,0.86339696
P474329,1,0,0,0,1,0,0,0.864123711340206
P468850,1,0,1,0,0,1,1,0.8653925
P375864,1,0,1,0,1,0,0,0.865420967741936
P500399,1,0,0,0,1,1,1,0.865821276595745
P472023,1,0,0,0,0,0,0,0.866717171717172
P429508,1,0,0,1,0,1,1,0.866817391304348
P505211,1,0,0,0,0,1,0,0.867222448979592
P475180,1,0,0,0,1,0,1,0.867418279569893
P502326,1,1,0,0,1,0,1,0.867973684210526
P460624,1,1,0,0,1,1,1,0.868045913461539
P477202,1,0,0,0,0,0,1,0.868210169491526
P502235,1,0,0,1,1,1,0,0.868733333333334
P500633,1,0,1,0,1,1,1,0.869352724358974
P474809,0,0,0,0,0,0,1,0.869707729468599
P500288,1,0,0,0,1,1,1,0.870339735099338
P480284,1,0,1,0,0,1,1,0.870391037735849
P479841,1,0,0,0,1,1,1,0.870417819148936
P502197,1,0,0,1,1,0,1,0.870954651162791
P502200,1,0,0,0,1,0,1,0.871006741573034
P416589,1,0,1,0,0,1,1,0.8714625
P474843,1,0,0,0,1,0,0,0.871897841726619
P500244,1,0,1,0,1,0,1,0.872065137614679
P476686,1,0,1,0,0,1,1,0.8728
P500101,1,0,1,0,0,1,1,0.872867625899281
P503879,1,0,0,0,1,0,0,0.873371503496504
P503920,1,0,0,0,0,0,1,0.873906976744186
P472343,1,0,0,0,1,1,0,0.873995833333333
P469444,1,0,0,0,0,0,0,0.874990340909091
P500240,1,0,0,0,0,1,1,0.875769696969697
P503935,1,0,0,0,0,0,1,0.87669
P458546,1,0,0,0,1,1,1,0.877741035856574
P475172,1,1,0,0,1,0,1,0.877760377358491
P474068,1,0,0,0,0,1,1,0.878394021739131
P500471,1,0,0,0,0,0,0,0.878511308203991
P481082,1,0,1,0,1,1,1,0.878575
P476678,1,0,0,0,0,0,0,0.879093421052632
P505020,1,0,0,0,0,1,1,0.879536717062635
P476736,1,0,0,0,0,1,0,0.879540909090909
P503992,1,0,0,0,0,0,1,0.881026556016598
P476683,1,0,1,0,0,1,1,0.881151908396947
P477492,1,1,0,1,1,0,1,0.881401333333333
P500696,1,0,1,0,0,0,0,0.882159574468085
P481830,1,1,1,0,1,1,1,0.882175298804781
P483679,1,0,1,0,1,0,1,0.882467607973422
P505158,1,0,0,0,0,1,1,0.882936046511628
P476876,1,0,0,0,0,0,1,0.883662009803922
P469833,1,0,0,0,1,1,0,0.883771153846154
P502823,1,0,0,1,1,0,1,0.8839
P476009,1,0,0,0,0,1,0,0.884600602409639
P476893,1,0,0,0,1,0,1,0.885486301369863
P505023,1,0,0,0,1,0,0,0.886019094766619
P469832,1,0,0,0,1,1,1,0.887503636363636
P504076,1,0,0,0,1,0,1,0.887906557377049
P505133,1,0,1,0,0,0,1,0.888298181818182
P476674,1,0,0,0,0,1,0,0.888794366197183
P505054,1,0,0,0,1,1,1,0.88997983014862
P504509,1,0,0,0,1,1,1,0.890758333333333
P505316,1,0,0,0,0,1,1,0.891269090909091
P483076,1,0,0,0,1,1,1,0.891311444652908
P505047,1,0,0,0,0,0,1,0.891405208333333
P505049,1,0,1,0,1,1,1,0.891732490974729
P481748,1,0,0,0,1,0,1,0.892094323144105
P500618,1,0,0,0,0,1,0,0.892380344827586
P503197,1,0,0,0,0,0,1,0.8926775
P504016,1,0,0,0,0,1,0,0.892747435897436
P504031,1,0,0,0,0,0,1,0.892747435897436
P448550,1,0,0,0,1,1,1,0.8933
P435790,1,0,0,0,1,0,1,0.89375
P504040,1,0,0,0,0,1,0,0.893785365853659
P475086,1,0,0,0,0,1,1,0.894291881918819
P472810,1,0,1,0,0,0,1,0.895570621468927
P476676,1,0,0,0,1,1,0,0.897643396226415
P481086,1,0,1,0,1,0,1,0.898823376623377
P504987,1,0,0,0,0,1,1,0.89885
P474111,1,1,0,0,1,1,1,0.901696153846154
P501585,1,0,0,0,0,1,0,0.90605
P502322,1,0,0,0,0,0,1,0.908069892473118
P503936,1,0,0,0,1,1,0,0.909831749460043
P469112,1,0,0,0,1,1,1,0.912582417582418
P504221,1,0,0,0,1,0,1,0.91785
P501017,1,0,0,0,0,1,1,0.918498507462687
P504059,1,0,0,0,0,1,1,0.920367105263158
P476571,1,0,0,0,1,0,0,0.9216
P375854,1,0,1,0,1,1,1,0.924551666666667
P505208,1,0,0,0,1,1,1,0.9253
P501175,1,0,0,0,0,0,0,0.9277
P501566,1,0,0,0,0,1,1,0.933233333333333
P504882,1,0,0,0,0,0,1,0.9352
P481993,1,0,0,0,1,1,1,0.9378
P500716,1,0,1,1,1,0,1,0.937944573643411
P479646,1,0,0,1,1,0,0,0.938066666666667
P423168,1,0,0,0,1,0,1,0.94045
P504322,1,0,0,0,0,1,0,0.9421
P503820,1,0,0,0,0,1,1,0.945073333333333
P504018,1,0,0,0,0,1,1,0.950966666666667
P472342,1,0,0,0,0,0,1,0.969725
P479696,1,0,0,1,1,0,1,0.97615
P503877,1,0,0,0,0,0,0,0.9881
